Rk,Player,Age,G,GS,MP,FG,FGA,ThreeP,ThreePA,FT,FTA,ORB,DRB,TRB,AST,STL,BLK,TOV,PF,PTS,FGP,ThreePer,FTP,MPAVG,PTSAVG,TRBAVG,ASTAVG,STLAVG,BLKAVG,Series,ID
1,LaMarcus Aldridge,29,5,5,208,37,112,3,11,32,36,21,35,56,9,2,12,8,16,109,0.33000001,0.273,0.889,41.700001,21.799999,11.2,1.8,0.40000001,2.4000001,Western 1stRd_15,1
2,Damian Lillard,24,5,5,201,39,96,5,31,25,32,2,18,20,23,2,3,12,15,108,0.40599999,0.161,0.78100002,40.200001,21.6,4,4.5999999,0.40000001,0.60000002,Western 1stRd_15,2
3,C.J. McCollum,23,5,1,166,32,67,11,23,10,13,1,19,20,2,6,1,6,13,85,0.47799999,0.47799999,0.76899999,33.200001,17,4,0.40000001,1.2,0.2,Western 1stRd_15,3
4,Nicolas Batum,26,5,5,209,24,70,13,39,10,13,6,37,43,26,1,1,12,11,71,0.34299999,0.333,0.76899999,41.700001,14.2,8.6000004,5.1999998,0.2,0.2,Western 1stRd_15,4
5,Meyers Leonard,22,5,0,106,14,21,10,13,1,2,6,27,33,5,2,2,3,17,39,0.667,0.76899999,0.5,21.299999,7.8000002,6.5999999,1,0.40000001,0.40000001,Western 1stRd_15,5
6,Robin Lopez,26,5,5,117,9,15,0,0,8,8,9,13,22,3,1,5,5,15,26,0.60000002,,1,23.4,5.1999998,4.4000001,0.60000002,0.2,1,Western 1stRd_15,6
7,Allen Crabbe,22,2,1,39,4,5,2,2,0,0,0,3,3,1,2,1,1,1,10,0.80000001,1,,19.299999,5,1.5,0.5,1,0.5,Western 1stRd_15,7
8,Chris Kaman,32,3,0,37,4,8,0,0,1,1,5,9,14,3,0,0,3,5,9,0.5,,1,12.4,3,4.6999998,1,0,0,Western 1stRd_15,8
9,Steve Blake,34,5,0,43,2,11,1,8,2,2,0,1,1,8,0,1,2,4,7,0.182,0.125,1,8.5,1.4,0.2,1.6,0,0.2,Western 1stRd_15,9
10,Arron Afflalo,29,3,3,60,2,12,1,4,0,1,0,7,7,2,0,0,3,6,5,0.167,0.25,0,20,1.7,2.3,0.69999999,0,0,Western 1stRd_15,10
11,Tim Frazier,24,2,0,3,0,1,0,0,0,0,0,0,0,0,0,0,1,0,0,0,,,1.7,0,0,0,0,0,Western 1stRd_15,11
12,Joel Freeland,27,2,0,7,0,0,0,0,0,0,0,1,1,0,1,0,0,0,0,,,,3.7,0,0.5,0,0.5,0,Western 1stRd_15,12
13,Alonzo Gee,27,1,0,3,0,0,0,0,0,0,0,1,1,1,0,0,0,0,0,,,,3,0,1,1,0,0,Western 1stRd_15,13
1,Isaiah Thomas,25,4,0,119,18,54,3,18,31,32,1,11,12,28,3,0,14,10,70,0.333,0.167,0.96899998,29.799999,17.5,3,7,0.80000001,0,East 1stRd_15,14
2,Avery Bradley,24,4,4,133,19,50,5,19,6,7,3,12,15,3,3,0,3,13,49,0.38,0.26300001,0.85699999,33.299999,12.3,3.8,0.80000001,0.80000001,0,East 1stRd_15,15
3,Jared Sullinger,22,4,0,80,21,38,3,9,4,7,9,19,28,1,0,3,5,12,49,0.55299997,0.333,0.57099998,20.1,12.3,7,0.30000001,0,0.80000001,East 1stRd_15,16
4,Jae Crowder,24,4,1,100,15,29,3,10,10,13,8,12,20,8,4,3,5,14,43,0.51700002,0.30000001,0.76899999,25.1,10.8,5,2,1,0.80000001,East 1stRd_15,17
5,Evan Turner,26,4,4,118,16,44,2,4,8,9,2,27,29,19,3,0,9,11,42,0.36399999,0.5,0.889,29.5,10.5,7.3000002,4.8000002,0.80000001,0,East 1stRd_15,18
6,Marcus Smart,20,4,3,90,14,29,3,13,8,15,5,6,11,5,1,1,4,12,39,0.48300001,0.23100001,0.53299999,22.5,9.8000002,2.8,1.3,0.30000001,0.30000001,East 1stRd_15,19
7,Tyler Zeller,25,4,4,90,15,29,0,0,4,5,2,16,18,2,2,1,4,5,34,0.51700002,,0.80000001,22.4,8.5,4.5,0.5,0.5,0.30000001,East 1stRd_15,20
8,Brandon Bass,29,4,4,86,7,20,0,0,6,10,3,5,8,10,1,3,3,4,20,0.34999999,,0.60000002,21.5,5,2,2.5,0.30000001,0.80000001,East 1stRd_15,21
9,Kelly Olynyk,23,4,0,53,7,13,3,6,1,2,2,3,5,2,2,2,4,12,18,0.53799999,0.5,0.5,13.3,4.5,1.3,0.5,0.5,0.5,East 1stRd_15,22
10,Jonas Jerebko,27,4,0,68,5,15,0,4,1,2,4,10,14,1,2,1,3,9,11,0.333,0,0.5,17,2.8,3.5,0.30000001,0.5,0.30000001,East 1stRd_15,23
11,Luigi Datome,27,3,0,14,2,6,0,2,0,0,0,1,1,1,0,0,0,4,4,0.333,0,,4.5999999,1.3,0.30000001,0.30000001,0,0,East 1stRd_15,24
12,Phil Pressey,23,2,0,5,0,3,0,1,0,0,1,0,1,0,0,1,0,1,0,0,0,,2.5,0,0.5,0,0,0.5,East 1stRd_15,25
13,Gerald Wallace,32,1,0,4,0,1,0,0,0,0,0,1,1,0,0,0,0,0,0,0,,,3.7,0,1,0,0,0,East 1stRd_15,26
1,Khris Middleton,23,6,6,232,35,92,11,34,14,15,7,15,22,12,14,3,10,14,95,0.38,0.324,0.93300003,38.700001,15.8,3.7,2,2.3,0.5,East 1stRd_15,27
2,Michael Carter-Williams,23,6,6,191,33,78,0,5,7,12,1,26,27,29,7,6,16,14,73,0.42300001,0,0.583,31.799999,12.2,4.5,4.8000002,1.2,1,East 1stRd_15,28
3,Giannis Antetokounmpo,20,6,6,201,26,71,0,1,17,23,12,30,42,16,3,9,11,18,69,0.366,0,0.73900002,33.5,11.5,7,2.7,0.5,1.5,East 1stRd_15,29
4,O.J. Mayo,27,6,0,156,18,54,6,19,12,12,1,19,20,18,7,1,9,14,54,0.333,0.31600001,1,26,9,3.3,3,1.2,0.2,East 1stRd_15,30
5,John Henson,24,6,0,153,24,41,0,1,5,14,21,27,48,4,5,10,11,14,53,0.58499998,0,0.35699999,25.4,8.8000002,8,0.69999999,0.80000001,1.7,East 1stRd_15,31
6,Ersan Ilyasova,27,6,6,142,20,61,5,23,7,10,6,17,23,3,5,3,5,10,52,0.32800001,0.21699999,0.69999999,23.700001,8.6999998,3.8,0.5,0.80000001,0.5,East 1stRd_15,32
7,Jared Dudley,29,6,0,110,14,30,8,14,4,7,3,8,11,8,12,2,5,12,40,0.46700001,0.57099998,0.57099998,18.4,6.6999998,1.8,1.3,2,0.30000001,East 1stRd_15,33
8,Zaza Pachulia,30,6,6,129,16,40,0,0,8,13,11,29,40,9,10,3,5,15,40,0.40000001,,0.61500001,21.4,6.6999998,6.6999998,1.5,1.7,0.5,East 1stRd_15,34
9,Jerryd Bayless,26,6,0,120,12,35,2,7,13,17,4,11,15,18,2,2,4,12,39,0.34299999,0.28600001,0.76499999,20,6.5,2.5,3,0.30000001,0.30000001,East 1stRd_15,35
10,Johnny O'Bryant,21,1,0,12,3,8,0,0,0,0,1,2,3,0,0,0,0,1,6,0.375,,,12,6,3,0,0,0,East 1stRd_15,36
11,Tyler Ennis,20,1,0,16,2,9,1,5,0,0,3,1,4,3,0,0,0,1,5,0.222,0.2,,16.4,5,4,3,0,0,East 1stRd_15,37
12,Miles Plumlee,26,1,0,16,1,8,0,0,1,2,3,3,6,1,0,1,1,1,3,0.125,,0.5,16.4,3,6,1,0,1,East 1stRd_15,38
13,Jorge Gutierrez,26,1,0,12,1,2,0,0,0,0,0,1,1,1,0,0,0,1,2,0.5,,,12,2,1,1,0,0,East 1stRd_15,39
1,Jimmy Butler,25,6,6,253,50,105,15,37,34,43,8,25,33,23,15,5,14,9,149,0.47600001,0.405,0.79100001,42.099998,24.799999,5.5,3.8,2.5,0.80000001,East 1stRd_15,40
2,Derrick Rose,26,6,6,220,41,100,15,40,17,19,5,21,26,39,9,3,26,11,114,0.41,0.375,0.89499998,36.700001,19,4.3000002,6.5,1.5,0.5,East 1stRd_15,41
3,Pau Gasol,34,6,6,208,37,76,0,4,24,33,11,60,71,22,3,14,16,13,98,0.48699999,0,0.727,34.700001,16.299999,11.8,3.7,0.5,2.3,East 1stRd_15,42
4,Mike Dunleavy,34,6,6,181,20,40,17,31,6,6,3,21,24,18,4,1,8,17,63,0.5,0.54799998,1,30.200001,10.5,4,3,0.69999999,0.2,East 1stRd_15,43
5,Taj Gibson,29,6,0,130,16,36,0,0,11,16,14,21,35,8,3,7,9,10,43,0.44400001,,0.68800002,21.700001,7.1999998,5.8000002,1.3,0.5,1.2,East 1stRd_15,44
6,Joakim Noah,29,6,6,201,19,40,0,0,1,10,20,50,70,26,7,6,9,19,39,0.47499999,,0.1,33.599998,6.5,11.7,4.3000002,1.2,1,East 1stRd_15,45
7,Aaron Brooks,30,6,0,70,12,30,7,14,2,5,2,7,9,6,1,1,6,13,33,0.40000001,0.5,0.40000001,11.7,5.5,1.5,1,0.2,0.2,East 1stRd_15,46
8,Tony Snell,23,6,0,99,10,29,6,20,2,2,1,10,11,4,0,2,5,11,28,0.345,0.30000001,1,16.4,4.6999998,1.8,0.69999999,0,0.30000001,East 1stRd_15,47
9,Nikola Mirotic,23,5,0,82,9,30,4,16,1,2,2,13,15,8,3,2,4,7,23,0.30000001,0.25,0.5,16.4,4.5999999,3,1.6,0.60000002,0.40000001,East 1stRd_15,48
10,Kirk Hinrich,34,4,0,29,2,7,1,3,0,0,0,1,1,3,1,0,0,2,5,0.28600001,0.333,,7.1999998,1.3,0.30000001,0.80000001,0.30000001,0,East 1stRd_15,49
11,Doug McDermott,23,1,0,6,1,3,1,2,2,2,1,0,1,0,0,0,1,0,5,0.333,0.5,1,6.0999999,5,1,0,0,0,East 1stRd_15,50
12,E'Twaun Moore,25,1,0,4,1,2,1,1,0,0,0,3,3,0,0,0,0,1,3,0.5,1,,4.3000002,3,3,0,0,0,East 1stRd_15,51
13,Nazr Mohammed,37,1,0,7,1,3,0,0,0,0,1,0,1,0,0,1,0,0,2,0.333,,,6.6999998,2,1,0,0,1,East 1stRd_15,52
1,Derrick Rose,26,6,6,234,52,135,8,26,18,20,8,24,32,39,5,3,12,11,130,0.38499999,0.308,0.89999998,38.900002,21.700001,5.3000002,6.5,0.80000001,0.5,East Semi_15,53
2,Jimmy Butler,25,6,6,254,44,108,13,35,25,29,10,24,34,15,14,4,7,18,126,0.40700001,0.37099999,0.86199999,42.299999,21,5.6999998,2.5,2.3,0.69999999,East Semi_15,54
3,Mike Dunleavy,34,6,6,208,23,48,10,25,12,13,4,20,24,13,6,4,7,14,68,0.479,0.40000001,0.92299998,34.599998,11.3,4,2.2,1,0.69999999,East Semi_15,55
4,Pau Gasol,34,4,4,109,19,39,0,0,8,9,6,17,23,9,2,7,5,5,46,0.48699999,,0.889,27.200001,11.5,5.8000002,2.3,0.5,1.8,East Semi_15,56
5,Taj Gibson,29,6,2,146,18,36,0,0,10,14,11,20,31,4,1,5,2,15,46,0.5,,0.71399999,24.4,7.6999998,5.1999998,0.69999999,0.2,0.80000001,East Semi_15,57
6,Nikola Mirotic,23,6,0,81,11,36,3,14,15,18,5,10,15,1,3,4,4,15,40,0.30599999,0.214,0.833,13.6,6.6999998,2.5,0.2,0.5,0.69999999,East Semi_15,58
7,Joakim Noah,29,6,6,194,12,36,0,0,6,10,25,37,62,12,3,8,11,18,30,0.333,,0.60000002,32.299999,5,10.3,2,0.5,1.3,East Semi_15,59
8,Aaron Brooks,30,6,0,62,9,31,1,12,2,2,1,8,9,5,2,0,3,3,21,0.28999999,8.2999997E-2,1,10.4,3.5,1.5,0.80000001,0.30000001,0,East Semi_15,60
9,Kirk Hinrich,34,6,0,97,7,12,5,7,2,3,0,4,4,8,2,1,1,12,21,0.583,0.71399999,0.667,16.1,3.5,0.69999999,1.3,0.30000001,0.2,East Semi_15,61
10,Tony Snell,23,5,0,42,5,15,3,7,2,2,0,6,6,2,0,1,0,2,15,0.333,0.42899999,1,8.3000002,3,1.2,0.40000001,0,0.2,East Semi_15,62
11,Nazr Mohammed,37,2,0,7,1,4,0,1,0,0,2,2,4,0,0,0,0,0,2,0.25,0,,3.4000001,1,2,0,0,0,East Semi_15,63
12,E'Twaun Moore,25,2,0,4,1,4,0,0,0,0,0,0,0,0,2,0,0,0,2,0.25,,,2.0999999,1,0,0,1,0,East Semi_15,64
13,Doug McDermott,23,2,0,3,0,0,0,0,0,0,0,1,1,1,0,0,0,0,0,,,,1.7,0,0.5,0.5,0,0,East Semi_15,65
1,LeBron James,30,4,4,172,42,90,4,20,20,27,2,34,36,26,9,6,19,8,108,0.46700001,0.2,0.741,43,27,9,6.5,2.3,1.5,East 1stRd_15,66
2,Kyrie Irving,22,4,4,162,30,69,12,25,21,26,5,15,20,17,4,4,5,13,93,0.435,0.47999999,0.80800003,40.599998,23.299999,5,4.3000002,1,1,East 1stRd_15,67
3,Kevin Love,26,4,4,107,17,41,9,21,14,19,6,22,28,10,1,2,6,12,57,0.41499999,0.42899999,0.73699999,26.700001,14.3,7,2.5,0.30000001,0.5,East 1stRd_15,68
4,Timofey Mozgov,28,4,4,98,14,26,0,0,11,12,12,20,32,0,1,12,9,15,39,0.53799999,,0.917,24.5,9.8000002,8,0,0.30000001,3,East 1stRd_15,69
5,J.R. Smith,29,4,4,107,15,41,8,30,1,2,3,10,13,4,9,0,2,13,39,0.366,0.26699999,0.5,26.799999,9.8000002,3.3,1,2.3,0,East 1stRd_15,70
6,Tristan Thompson,23,4,0,102,9,14,0,0,11,18,15,12,27,3,1,2,2,9,29,0.64300001,,0.611,25.4,7.3000002,6.8000002,0.80000001,0.30000001,0.5,East 1stRd_15,71
7,Iman Shumpert,24,4,0,116,7,15,2,8,12,12,4,18,22,2,4,4,1,10,28,0.46700001,0.25,1,29,7,5.5,0.5,1,1,East 1stRd_15,72
8,Matthew Dellavedova,24,4,0,43,3,11,2,7,2,4,0,4,4,5,0,0,3,7,10,0.273,0.28600001,0.5,10.7,2.5,1,1.3,0,0,East 1stRd_15,73
9,James Jones,34,4,0,46,3,13,2,11,2,2,0,5,5,0,0,1,0,5,10,0.23100001,0.182,1,11.5,2.5,1.3,0,0,0.30000001,East 1stRd_15,74
10,Kendrick Perkins,30,2,0,6,0,0,0,0,3,4,1,0,1,0,0,0,2,1,3,,,0.75,3.0999999,1.5,0.5,0,0,0,East 1stRd_15,75
11,Shawn Marion,36,1,0,1,0,0,0,0,0,0,0,0,0,0,2,0,0,0,0,,,,0.89999998,0,0,0,2,0,East 1stRd_15,76
1,LeBron James,30,4,4,153,46,105,5,20,24,33,10,34,44,37,6,2,15,10,121,0.43799999,0.25,0.727,38.200001,30.299999,11,9.3000002,1.5,0.5,East Conference_15,77
2,J.R. Smith,29,4,0,135,26,52,16,34,4,5,2,28,30,8,3,3,5,11,72,0.5,0.47099999,0.80000001,33.700001,18,7.5,2,0.80000001,0.80000001,East Conference_15,78
3,Tristan Thompson,23,4,4,157,18,28,0,0,11,27,17,27,44,2,0,7,5,11,47,0.64300001,,0.40700001,39.200001,11.8,11,0.5,0,1.8,East Conference_15,79
4,Timofey Mozgov,28,4,4,106,17,30,0,0,9,11,13,17,30,1,1,5,6,11,43,0.56699997,,0.81800002,26.6,10.8,7.5,0.30000001,0.30000001,1.3,East Conference_15,80
5,Matthew Dellavedova,24,4,2,124,12,40,7,22,7,9,5,8,13,10,2,0,8,10,38,0.30000001,0.31799999,0.778,30.9,9.5,3.3,2.5,0.5,0,East Conference_15,81
6,Iman Shumpert,24,4,4,147,13,37,9,21,3,6,4,22,26,7,2,2,4,11,38,0.35100001,0.42899999,0.5,36.799999,9.5,6.5,1.8,0.5,0.5,East Conference_15,82
7,Kyrie Irving,22,2,2,49,10,21,4,6,2,4,2,5,7,11,1,1,3,2,26,0.47600001,0.667,0.5,24.6,13,3.5,5.5,0.5,0.5,East Conference_15,83
8,James Jones,34,4,0,80,6,18,6,16,5,6,1,6,7,6,3,1,0,6,23,0.333,0.375,0.833,19.9,5.8000002,1.8,1.5,0.80000001,0.30000001,East Conference_15,84
9,Joe Harris,23,2,0,8,2,5,1,3,2,2,0,1,1,1,0,0,0,1,7,0.40000001,0.333,1,4.0999999,3.5,0.5,0.5,0,0,East Conference_15,85
10,Mike Miller,34,1,0,5,1,1,1,1,0,0,0,0,0,0,0,0,0,1,3,1,1,,5.4000001,3,0,0,0,0,East Conference_15,86
11,Kendrick Perkins,30,1,0,5,1,2,0,0,1,2,0,2,2,0,0,0,1,1,3,0.5,,0.5,5.4000001,3,2,0,0,0,East Conference_15,87
12,Shawn Marion,36,3,0,14,1,4,0,0,0,0,1,3,4,1,0,0,0,0,2,0.25,,,4.5999999,0.69999999,1.3,0.30000001,0,0,East Conference_15,88
13,Brendan Haywood,35,1,0,2,0,1,0,0,0,0,0,0,0,0,0,0,0,0,0,0,,,2,0,0,0,0,0,East Conference_15,89
1,LeBron James,30,6,6,274,78,196,13,42,46,67,11,69,80,53,8,3,21,19,215,0.398,0.31,0.68699998,45.700001,35.799999,13.3,8.8000002,1.3,0.5,Finals_15,90
2,Timofey Mozgov,28,6,6,170,27,49,0,0,30,40,18,27,45,6,3,9,15,13,84,0.551,,0.75,28.299999,14,7.5,1,0.5,1.5,Finals_15,91
3,J.R. Smith,29,6,0,202,24,77,15,51,6,10,2,24,26,6,3,5,4,19,69,0.31200001,0.294,0.60000002,33.599998,11.5,4.3000002,1,0.5,0.80000001,Finals_15,92
4,Tristan Thompson,23,6,6,247,24,48,0,0,12,20,32,46,78,2,4,6,5,16,60,0.5,,0.60000002,41.099998,10,13,0.30000001,0.69999999,1,Finals_15,93
5,Matthew Dellavedova,24,6,5,191,15,53,6,26,9,11,4,12,16,16,7,0,15,19,45,0.28299999,0.23100001,0.81800002,31.799999,7.5,2.7,2.7,1.2,0,Finals_15,94
6,Iman Shumpert,24,6,6,215,11,43,8,25,9,14,6,17,23,4,11,4,7,19,39,0.25600001,0.31999999,0.64300001,35.900002,6.5,3.8,0.69999999,1.8,0.69999999,Finals_15,95
7,Kyrie Irving,22,1,1,44,10,22,2,8,1,1,2,5,7,6,4,2,1,5,23,0.45500001,0.25,1,43.599998,23,7,6,4,2,Finals_15,96
8,James Jones,34,6,0,113,6,19,4,13,4,4,0,8,8,2,4,1,4,19,20,0.31600001,0.308,1,18.799999,3.3,1.3,0.30000001,0.69999999,0.2,Finals_15,97
9,Mike Miller,34,5,0,28,1,2,1,2,0,0,0,1,1,0,1,0,1,3,3,0.5,0.5,,5.6999998,0.60000002,0.2,0,0.2,0,Finals_15,98
10,Kendrick Perkins,30,1,0,3,0,2,0,0,2,2,0,1,1,0,0,0,0,1,2,0,,1,3.0999999,2,1,0,0,0,Finals_15,99
11,Joe Harris,23,2,0,3,0,0,0,0,1,2,0,0,0,0,0,0,0,0,1,,,0.5,1.6,0.5,0,0,0,0,Finals_15,100
1,LeBron James,30,6,6,245,61,153,3,28,32,40,14,52,66,53,10,10,27,21,157,0.39899999,0.107,0.80000001,40.799999,26.200001,11,8.8000002,1.7,1.7,East Semi_15,101
2,Kyrie Irving,22,6,6,209,31,73,9,21,34,38,1,12,13,16,8,4,11,9,105,0.42500001,0.42899999,0.89499998,34.799999,17.5,2.2,2.7,1.3,0.69999999,East Semi_15,102
3,Iman Shumpert,24,6,6,217,28,69,14,39,6,8,9,18,27,10,8,6,1,10,76,0.40599999,0.359,0.75,36.200001,12.7,4.5,1.7,1.3,1,East Semi_15,103
4,Tristan Thompson,23,6,5,222,21,39,0,0,14,17,24,43,67,2,0,9,3,14,56,0.53799999,,0.824,37,9.3000002,11.2,0.30000001,0,1.5,East Semi_15,104
5,J.R. Smith,29,4,0,116,18,36,12,27,3,3,2,14,16,4,2,2,4,11,51,0.5,0.44400001,1,29.1,12.8,4,1,0.5,0.5,East Semi_15,105
6,Matthew Dellavedova,24,6,0,140,17,32,9,21,7,8,1,7,8,22,0,0,9,16,50,0.53100002,0.42899999,0.875,23.299999,8.3000002,1.3,3.7,0,0,East Semi_15,106
7,Timofey Mozgov,28,6,6,154,16,43,0,0,14,18,14,25,39,6,3,10,7,18,46,0.37200001,,0.778,25.700001,7.6999998,6.5,1,0.5,1.7,East Semi_15,107
8,James Jones,34,6,0,72,11,25,10,24,2,2,0,9,9,1,1,0,1,12,34,0.44,0.417,1,12,5.6999998,1.5,0.2,0.2,0,East Semi_15,108
9,Mike Miller,34,3,1,31,1,2,1,2,0,0,0,9,9,0,0,1,0,2,3,0.5,0.5,,10.5,1,3,0,0,0.30000001,East Semi_15,109
10,Kendrick Perkins,30,4,0,18,1,4,0,0,0,2,1,4,5,0,0,3,1,3,2,0.25,,0,4.5,0.5,1.3,0,0,0.80000001,East Semi_15,110
11,Joe Harris,23,2,0,4,0,1,0,0,0,0,0,0,0,0,0,0,1,0,0,0,,,2.0999999,0,0,0,0,0,East Semi_15,111
12,Shawn Marion,36,2,0,11,0,2,0,0,0,0,1,1,2,0,0,0,0,1,0,0,,,5.5,0,1,0,0,0,East Semi_15,112
1,Blake Griffin,25,7,7,288,64,137,0,3,41,54,19,73,92,52,10,10,19,18,169,0.46700001,0,0.759,41.099998,24.1,13.1,7.4000001,1.4,1.4,West 1stRd_15,113
2,Chris Paul,29,7,7,275,58,113,15,35,28,29,2,30,32,55,14,3,16,22,159,0.51300001,0.42899999,0.96600002,39.299999,22.700001,4.5999999,7.9000001,2,0.40000001,West 1stRd_15,114
3,J.J. Redick,30,7,7,274,34,77,15,36,13,15,0,16,16,9,7,1,12,18,96,0.442,0.417,0.86699998,39.099998,13.7,2.3,1.3,1,0.1,West 1stRd_15,115
4,DeAndre Jordan,26,7,7,252,30,42,0,0,28,73,23,70,93,4,2,18,10,16,88,0.71399999,,0.384,36.099998,12.6,13.3,0.60000002,0.30000001,2.5999999,West 1stRd_15,116
5,Jamal Crawford,34,7,0,181,33,86,6,30,10,10,0,11,11,12,1,1,7,12,82,0.384,0.2,1,25.799999,11.7,1.6,1.7,0.1,0.1,West 1stRd_15,117
6,Matt Barnes,34,7,7,197,20,49,10,29,3,7,11,24,35,6,12,5,8,25,53,0.40799999,0.345,0.42899999,28.200001,7.5999999,5,0.89999998,1.7,0.69999999,West 1stRd_15,118
7,Austin Rivers,22,7,0,99,16,39,2,7,4,8,4,4,8,5,2,0,2,8,38,0.41,0.28600001,0.5,14.2,5.4000001,1.1,0.69999999,0.30000001,0,West 1stRd_15,119
8,Glen Davis,29,7,0,85,11,23,0,1,3,5,6,14,20,2,2,4,7,20,25,0.47799999,0,0.60000002,12.2,3.5999999,2.9000001,0.30000001,0.30000001,0.60000002,West 1stRd_15,120
9,Lester Hudson,30,1,0,8,2,3,1,2,0,0,0,1,1,2,0,0,0,1,5,0.667,0.5,,7.9000001,5,1,2,0,0,West 1stRd_15,121
10,Spencer Hawes,26,3,0,11,1,6,0,1,0,0,0,2,2,0,0,1,0,1,2,0.167,0,,3.5999999,0.69999999,0.69999999,0,0,0.30000001,West 1stRd_15,122
11,Dahntay Jones,34,5,0,6,1,1,0,0,0,0,0,0,0,0,1,0,0,3,2,1,,,1.2,0.40000001,0,0,0.2,0,West 1stRd_15,123
12,Hedo Turkoglu,35,6,0,24,1,5,0,3,0,0,1,3,4,0,1,0,0,2,2,0.2,0,,4,0.30000001,0.69999999,0,0.2,0,West 1stRd_15,124
13,Ekpe Udoh,27,1,0,5,0,0,0,0,0,0,0,0,0,0,0,0,0,0,0,,,,4.8000002,0,0,0,0,0,West 1stRd_15,125
1,Blake Griffin,25,7,7,269,76,137,1,4,35,52,19,67,86,34,4,4,26,25,188,0.55500001,0.25,0.67299998,38.5,26.9,12.3,4.9000001,0.60000002,0.60000002,West Semi_15,126
2,J.J. Redick,30,7,7,266,36,84,20,52,20,20,0,14,14,15,3,4,14,18,112,0.42899999,0.38499999,1,38.099998,16,2,2.0999999,0.40000001,0.60000002,West Semi_15,127
3,Chris Paul,29,5,5,170,37,76,12,30,20,22,5,16,21,50,8,0,10,15,106,0.48699999,0.40000001,0.90899998,34,21.200001,4.1999998,10,1.6,0,West Semi_15,128
4,Jamal Crawford,34,7,0,199,34,100,12,44,16,20,6,13,19,15,12,2,10,22,96,0.34,0.273,0.80000001,28.4,13.7,2.7,2.0999999,1.7,0.30000001,West Semi_15,129
5,DeAndre Jordan,26,7,7,230,28,39,0,0,39,84,26,68,94,12,14,15,7,26,95,0.71799999,,0.46399999,32.900002,13.6,13.4,1.7,2,2.0999999,West Semi_15,130
6,Austin Rivers,22,7,2,151,30,66,11,28,8,11,2,14,16,11,8,4,10,20,79,0.45500001,0.39300001,0.727,21.5,11.3,2.3,1.6,1.1,0.60000002,West Semi_15,131
7,Matt Barnes,34,7,7,211,18,51,6,31,12,13,5,31,36,16,8,5,8,29,54,0.35299999,0.19400001,0.92299998,30.200001,7.6999998,5.0999999,2.3,1.1,0.69999999,West Semi_15,132
8,Spencer Hawes,26,5,0,46,8,11,3,5,2,2,3,8,11,5,2,2,1,11,21,0.727,0.60000002,1,9.1999998,4.1999998,2.2,1,0.40000001,0.40000001,West Semi_15,133
9,Glen Davis,29,7,0,58,6,15,0,0,4,4,3,4,7,1,3,1,2,13,16,0.40000001,,1,8.3000002,2.3,1,0.1,0.40000001,0.1,West Semi_15,134
10,Lester Hudson,30,6,0,30,4,11,1,5,0,0,0,0,0,5,2,1,3,7,9,0.36399999,0.2,,5,1.5,0,0.80000001,0.30000001,0.2,West Semi_15,135
11,Hedo Turkoglu,35,5,0,30,3,12,2,10,0,0,0,3,3,4,3,1,2,8,8,0.25,0.2,,6.0999999,1.6,0.60000002,0.80000001,0.60000002,0.2,West Semi_15,136
12,Dahntay Jones,34,6,0,12,1,1,0,0,0,0,0,1,1,0,1,0,0,4,2,1,,,2,0.30000001,0.2,0,0.2,0,West Semi_15,137
13,Ekpe Udoh,27,3,0,7,1,3,0,0,0,0,0,3,3,0,0,0,0,3,2,0.333,,,2.4000001,0.69999999,1,0,0,0,West Semi_15,138
1,Marc Gasol,30,5,5,192,33,79,0,1,36,42,6,40,46,25,2,12,6,12,102,0.41800001,0,0.85699999,38.299999,20.4,9.1999998,5,0.40000001,2.4000001,West 1stRd_15,139
2,Courtney Lee,29,5,5,168,31,47,6,11,18,19,1,12,13,7,6,0,4,11,86,0.66000003,0.54500002,0.94700003,33.5,17.200001,2.5999999,1.4,1.2,0,West 1stRd_15,140
3,Zach Randolph,33,5,5,176,30,86,0,3,10,12,13,29,42,9,2,0,8,18,70,0.34900001,0,0.833,35.200001,14,8.3999996,1.8,0.40000001,0,West 1stRd_15,141
4,Mike Conley,27,3,3,79,18,36,3,8,9,10,0,5,5,11,3,0,4,1,48,0.5,0.375,0.89999998,26.4,16,1.7,3.7,1,0,West 1stRd_15,142
5,Beno Udrih,32,4,0,82,19,39,2,7,7,8,4,8,12,12,0,0,1,7,47,0.48699999,0.28600001,0.875,20.5,11.8,3,3,0,0,West 1stRd_15,143
6,Jeff Green,28,5,1,126,14,52,2,7,16,18,3,25,28,8,2,4,5,10,46,0.26899999,0.28600001,0.889,25.299999,9.1999998,5.5999999,1.6,0.40000001,0.80000001,West 1stRd_15,144
7,Nick Calathes,25,5,2,83,12,30,6,11,3,6,1,10,11,10,4,1,6,11,33,0.40000001,0.54500002,0.5,16.6,6.5999999,2.2,2,0.80000001,0.2,West 1stRd_15,145
8,Tony Allen,33,5,4,150,11,19,1,3,5,7,7,27,34,8,12,8,4,15,28,0.579,0.333,0.71399999,29.9,5.5999999,6.8000002,1.6,2.4000001,1.6,West 1stRd_15,146
9,Vince Carter,38,5,0,76,11,25,3,11,2,2,5,11,16,3,2,2,0,5,27,0.44,0.273,1,15.2,5.4000001,3.2,0.60000002,0.40000001,0.40000001,West 1stRd_15,147
10,Kosta Koufos,25,5,0,62,7,12,0,0,2,3,8,7,15,1,2,4,0,9,16,0.583,,0.667,12.5,3.2,3,0.2,0.40000001,0.80000001,West 1stRd_15,148
11,Jordan Adams,20,1,0,1,0,0,0,0,0,0,0,0,0,0,1,0,0,0,0,,,,1.4,0,0,0,1,0,West 1stRd_15,149
12,JaMychal Green,24,1,0,1,0,0,0,0,0,0,0,0,0,0,0,0,0,0,0,,,,1.4,0,0,0,0,0,West 1stRd_15,150
13,Jon Leuer,25,2,0,4,0,0,0,0,0,0,0,1,1,0,0,0,0,1,0,,,,1.8,0,0.5,0,0,0,West 1stRd_15,151
1,Marc Gasol,30,6,6,224,38,101,0,1,39,46,13,54,67,24,8,7,10,21,115,0.37599999,0,0.84799999,37.299999,19.200001,11.2,4,1.3,1.2,West Semi_15,152
2,Zach Randolph,33,6,6,206,41,82,1,2,19,21,19,32,51,14,4,0,15,19,102,0.5,0.5,0.90499997,34.400002,17,8.5,2.3,0.69999999,0,West Semi_15,153
3,Mike Conley,27,5,5,164,23,60,7,25,14,18,0,4,4,29,8,0,8,9,67,0.38299999,0.28,0.778,32.799999,13.4,0.80000001,5.8000002,1.6,0,West Semi_15,154
4,Courtney Lee,29,6,6,199,24,53,8,19,4,4,2,13,15,17,6,0,9,13,60,0.45300001,0.421,1,33.200001,10,2.5,2.8,1,0,West Semi_15,155
5,Jeff Green,28,6,1,172,22,56,2,11,6,8,6,18,24,11,3,1,11,8,52,0.39300001,0.182,0.75,28.6,8.6999998,4,1.8,0.5,0.2,West Semi_15,156
6,Vince Carter,38,6,0,120,16,42,4,17,6,7,8,23,31,8,5,0,7,12,42,0.38100001,0.235,0.85699999,20,7,5.1999998,1.3,0.80000001,0,West Semi_15,157
7,Tony Allen,33,5,5,129,17,38,0,4,4,5,7,11,18,7,12,3,9,12,38,0.447,0,0.80000001,25.799999,7.5999999,3.5999999,1.4,2.4000001,0.60000002,West Semi_15,158
8,Beno Udrih,32,6,0,93,12,34,2,9,3,4,0,8,8,9,5,0,3,9,29,0.35299999,0.222,0.75,15.5,4.8000002,1.3,1.5,0.80000001,0,West Semi_15,159
9,Kosta Koufos,25,6,0,65,10,19,0,0,1,2,11,13,24,3,2,2,1,5,21,0.52600002,,0.5,10.8,3.5,4,0.5,0.30000001,0.30000001,West Semi_15,160
10,Jordan Adams,20,3,0,8,2,3,1,1,2,4,0,1,1,0,0,0,0,0,7,0.667,1,0.5,2.8,2.3,0.30000001,0,0,0,West Semi_15,161
11,Jon Leuer,25,2,0,6,2,4,0,0,0,0,2,2,4,0,0,0,0,0,4,0.5,,,2.9000001,2,2,0,0,0,West Semi_15,162
12,JaMychal Green,24,4,0,7,0,2,0,1,2,2,0,3,3,0,1,1,0,1,2,0,0,1,1.7,0.5,0.80000001,0,0.30000001,0.30000001,West Semi_15,163
13,Nick Calathes,25,4,1,43,0,6,0,2,0,2,0,5,5,6,5,0,4,4,0,0,0,0,10.8,0,1.3,1.5,1.3,0,West Semi_15,164
14,Russ Smith,23,2,0,3,0,0,0,0,0,0,0,0,0,2,0,0,0,0,0,,,,1.7,0,0,1,0,0,West Semi_15,165
1,DeMarre Carroll,28,6,6,210,38,70,14,30,15,18,12,31,43,17,5,1,7,18,105,0.54299998,0.46700001,0.833,35.099998,17.5,7.1999998,2.8,0.80000001,0.2,East 1stRd_15,166
2,Paul Millsap,29,6,6,221,36,80,10,21,12,20,13,45,58,20,13,7,7,17,94,0.44999999,0.47600001,0.60000002,36.799999,15.7,9.6999998,3.3,2.2,1.2,East 1stRd_15,167
3,Kyle Korver,33,6,6,229,30,69,23,58,10,12,0,36,36,18,10,6,5,6,93,0.435,0.39700001,0.833,38.200001,15.5,6,3,1.7,1,East 1stRd_15,168
4,Al Horford,28,6,6,198,40,83,0,4,6,8,15,45,60,23,6,7,12,15,86,0.48199999,0,0.75,33,14.3,10,3.8,1,1.2,East 1stRd_15,169
5,Jeff Teague,26,6,6,189,30,76,7,21,18,23,2,12,14,47,12,1,19,12,85,0.39500001,0.333,0.78299999,31.6,14.2,2.3,7.8000002,2,0.2,East 1stRd_15,170
6,Dennis Schroder,21,6,0,112,23,55,2,12,8,9,0,3,3,20,3,0,16,7,56,0.41800001,0.167,0.889,18.700001,9.3000002,0.5,3.3,0.5,0,East 1stRd_15,171
7,Pero Antic,32,6,0,95,10,24,7,15,10,12,5,13,18,2,1,2,2,16,37,0.417,0.46700001,0.833,15.9,6.1999998,3,0.30000001,0.2,0.30000001,East 1stRd_15,172
8,Mike Scott,26,6,0,66,10,25,2,9,2,2,8,10,18,0,2,0,2,5,24,0.40000001,0.222,1,10.9,4,3,0,0.30000001,0,East 1stRd_15,173
9,Kent Bazemore,25,6,0,106,8,26,1,13,3,4,3,16,19,3,3,3,3,10,20,0.308,0.077,0.75,17.700001,3.3,3.2,0.5,0.5,0.5,East 1stRd_15,174
10,Shelvin Mack,24,5,0,24,3,9,1,4,0,0,1,1,2,4,4,0,0,2,7,0.333,0.25,,4.9000001,1.4,0.40000001,0.80000001,0.80000001,0,East 1stRd_15,175
11,Mike Muscala,23,1,0,6,2,3,0,1,0,0,1,1,2,0,1,1,2,1,4,0.667,0,,5.9000001,4,2,0,1,1,East 1stRd_15,176
12,Elton Brand,35,2,0,4,0,1,0,0,0,0,0,1,1,0,0,0,0,2,0,0,,,1.9,0,0.5,0,0,0,East 1stRd_15,177
13,John Jenkins,23,1,0,4,0,1,0,1,0,0,0,0,0,0,0,0,0,0,0,0,0,,3.5999999,0,0,0,0,0,East 1stRd_15,178
1,Jeff Teague,26,4,4,140,33,76,7,25,13,13,0,13,13,18,5,4,7,9,86,0.43399999,0.28,1,35,21.5,3.3,4.5,1.3,1,East Conference_15,179
2,Paul Millsap,29,4,4,141,15,43,1,9,24,29,8,23,31,10,3,1,7,15,55,0.34900001,0.111,0.82800001,35.400002,13.8,7.8000002,2.5,0.80000001,0.30000001,East Conference_15,180
3,Al Horford,28,4,4,116,21,36,0,1,2,4,5,14,19,10,1,2,2,7,44,0.583,0,0.5,29,11,4.8000002,2.5,0.30000001,0.5,East Conference_15,181
4,Kent Bazemore,25,4,2,106,14,29,2,9,13,19,0,21,21,6,4,2,4,7,43,0.48300001,0.222,0.68400002,26.4,10.8,5.3000002,1.5,1,0.5,East Conference_15,182
5,Shelvin Mack,24,3,0,66,11,28,5,16,3,6,1,8,9,5,3,0,1,4,30,0.39300001,0.31299999,0.5,21.799999,10,3,1.7,1,0,East Conference_15,183
6,DeMarre Carroll,28,4,4,136,11,34,4,15,2,4,4,11,15,6,5,2,2,11,28,0.324,0.26699999,0.5,34,7,3.8,1.5,1.3,0.5,East Conference_15,184
7,Dennis Schroder,21,4,0,53,10,30,1,8,2,2,1,6,7,10,1,0,3,7,23,0.333,0.125,1,13.3,5.8000002,1.8,2.5,0.30000001,0,East Conference_15,185
8,Kyle Korver,33,2,2,68,7,16,4,10,3,3,0,8,8,4,1,0,3,5,21,0.43799999,0.40000001,1,34.200001,10.5,4,2,0.5,0,East Conference_15,186
9,Mike Scott,26,3,0,82,7,20,0,12,2,2,6,14,20,5,2,0,5,9,16,0.34999999,0,1,27.4,5.3000002,6.6999998,1.7,0.69999999,0,East Conference_15,187
10,Mike Muscala,23,4,0,37,6,10,0,1,0,0,1,2,3,1,0,1,1,2,12,0.60000002,0,,9.1999998,3,0.80000001,0.30000001,0,0.30000001,East Conference_15,188
11,John Jenkins,23,2,0,17,4,5,2,3,0,0,1,2,3,0,0,0,0,2,10,0.80000001,0.667,,8.3999996,5,1.5,0,0,0,East Conference_15,189
12,Pero Antic,32,3,0,23,0,2,0,2,1,2,0,8,8,1,1,0,2,6,1,0,0,0.5,7.6999998,0.30000001,2.7,0.30000001,0.30000001,0,East Conference_15,190
13,Elton Brand,35,1,0,,0,0,0,0,1,2,0,0,0,0,0,0,0,1,1,,,0.5,,1,0,0,0,0,East Conference_15,191
1,Al Horford,28,6,6,208,46,92,2,4,7,8,20,39,59,26,6,14,11,12,101,0.5,0.5,0.875,34.599998,16.799999,9.8000002,4.3000002,1,2.3,East Semi_15,192
2,DeMarre Carroll,28,6,6,212,37,73,11,27,15,19,10,29,39,9,8,2,6,7,100,0.50700003,0.40700001,0.78899997,35.299999,16.700001,6.5,1.5,1.3,0.30000001,East Semi_15,193
3,Jeff Teague,26,6,6,199,35,87,7,19,21,24,8,16,24,42,7,2,17,13,98,0.40200001,0.368,0.875,33.200001,16.299999,4,7,1.2,0.30000001,East Semi_15,194
4,Paul Millsap,29,6,5,204,34,86,4,19,22,29,15,35,50,25,9,6,20,20,94,0.39500001,0.211,0.759,34,15.7,8.3000002,4.1999998,1.5,1,East Semi_15,195
5,Dennis Schroder,21,6,0,125,23,60,5,14,14,17,4,15,19,32,5,0,8,14,65,0.38299999,0.35699999,0.824,20.799999,10.8,3.2,5.3000002,0.80000001,0,East Semi_15,196
6,Kyle Korver,33,6,6,228,15,48,12,42,0,1,1,25,26,11,9,9,13,16,42,0.31299999,0.28600001,0,38,7,4.3000002,1.8,1.5,1.5,East Semi_15,197
7,Mike Muscala,23,5,0,59,12,20,2,6,0,0,6,7,13,0,0,1,1,10,26,0.60000002,0.333,,11.8,5.1999998,2.5999999,0,0,0.2,East Semi_15,198
8,Pero Antic,32,6,1,80,6,24,4,15,9,11,4,13,17,1,0,1,1,16,25,0.25,0.26699999,0.81800002,13.4,4.1999998,2.8,0.2,0,0.2,East Semi_15,199
9,Kent Bazemore,25,6,0,91,8,16,3,6,5,8,0,13,13,4,4,4,4,8,24,0.5,0.5,0.625,15.2,4,2.2,0.69999999,0.69999999,0.69999999,East Semi_15,200
10,Mike Scott,26,2,0,24,4,10,2,5,0,0,2,6,8,0,1,0,0,2,10,0.40000001,0.40000001,,11.9,5,4,0,0.5,0,East Semi_15,201
11,Shelvin Mack,24,2,0,9,1,2,0,1,0,0,0,0,0,1,1,0,1,1,2,0.5,0,,4.5,1,0,0.5,0.5,0,East Semi_15,202
12,John Jenkins,23,1,0,1,0,0,0,0,0,0,0,0,0,0,0,0,0,0,0,,,,0.89999998,0,0,0,0,0,East Semi_15,203
1,Monta Ellis,29,5,5,197,52,111,11,30,15,20,4,12,16,26,10,3,16,18,130,0.46799999,0.36700001,0.75,39.400002,26,3.2,5.1999998,2,0.60000002,West 1stRd_15,204
2,Dirk Nowitzki,36,5,5,181,38,84,4,17,26,28,4,48,52,12,2,2,10,16,106,0.45199999,0.235,0.92900002,36.200001,21.200001,10.4,2.4000001,0.40000001,0.40000001,West 1stRd_15,205
3,Jose Barea,30,5,2,154,25,57,4,16,5,6,5,19,24,37,4,0,14,17,59,0.43900001,0.25,0.833,30.700001,11.8,4.8000002,7.4000001,0.80000001,0,West 1stRd_15,206
4,Al-Farouq Aminu,24,5,2,150,17,31,7,11,15,19,14,22,36,6,10,8,6,15,56,0.54799998,0.63599998,0.78899997,30,11.2,7.1999998,1.2,2,1.6,West 1stRd_15,207
5,Tyson Chandler,32,5,5,160,19,29,0,0,13,26,27,27,54,1,3,6,5,16,51,0.65499997,,0.5,32.099998,10.2,10.8,0.2,0.60000002,1.2,West 1stRd_15,208
6,Amar'e Stoudemire,32,5,0,75,15,35,0,0,9,13,7,9,16,3,1,3,7,16,39,0.42899999,,0.69199997,15,7.8000002,3.2,0.60000002,0.2,0.60000002,West 1stRd_15,209
7,Charlie Villanueva,30,5,0,43,11,25,8,19,0,0,4,9,13,3,1,1,0,10,30,0.44,0.421,,8.6999998,6,2.5999999,0.60000002,0.2,0.2,West 1stRd_15,210
8,Devin Harris,31,4,0,74,8,23,0,11,8,9,1,7,8,4,2,0,4,10,24,0.34799999,0,0.889,18.4,6,2,1,0.5,0,West 1stRd_15,211
9,Rajon Rondo,28,2,2,37,9,20,1,2,0,0,1,1,2,6,0,0,2,6,19,0.44999999,0.5,,18.6,9.5,1,3,0,0,West 1stRd_15,212
10,Richard Jefferson,34,4,2,51,5,14,3,8,2,2,0,2,2,1,2,0,3,9,15,0.35699999,0.375,1,12.7,3.8,0.5,0.30000001,0.5,0,West 1stRd_15,213
11,Raymond Felton,30,3,1,36,4,15,0,4,3,3,1,6,7,4,0,0,0,1,11,0.26699999,0,1,12,3.7,2.3,1.3,0,0,West 1stRd_15,214
12,Chandler Parsons,26,1,1,37,5,15,0,4,0,0,0,6,6,2,0,0,1,1,10,0.333,0,,36.799999,10,6,2,0,0,West 1stRd_15,215
13,Bernard James,29,1,0,2,0,0,0,0,0,0,0,0,0,0,0,0,0,0,0,,,,1.9,0,0,0,0,0,West 1stRd_15,216
14,Dwight Powell,23,2,0,3,0,1,0,0,0,0,0,1,1,1,0,0,0,1,0,0,,,1.3,0,0.5,0.5,0,0,West 1stRd_15,217
15,Greg Smith,24,1,0,1,0,0,0,0,0,0,0,0,0,0,0,0,0,0,0,,,,0.69999999,0,0,0,0,0,West 1stRd_15,218
1,Brook Lopez,26,6,6,234,43,87,0,0,33,40,20,34,54,5,4,13,6,18,119,0.49399999,,0.82499999,38.900002,19.799999,9,0.80000001,0.69999999,2.2,East 1stRd_15,219
2,Joe Johnson,33,6,6,249,34,94,12,41,19,24,5,41,46,29,7,0,5,16,99,0.36199999,0.29300001,0.792,41.599998,16.5,7.6999998,4.8000002,1.2,0,East 1stRd_15,220
3,Jarrett Jack,31,6,0,153,28,54,5,15,13,13,2,23,25,27,7,1,20,14,74,0.51899999,0.333,1,25.5,12.3,4.1999998,4.5,1.2,0.2,East 1stRd_15,221
4,Deron Williams,30,6,6,192,27,69,11,26,6,7,3,34,37,33,8,0,16,18,71,0.391,0.42300001,0.85699999,32,11.8,6.1999998,5.5,1.3,0,East 1stRd_15,222
5,Alan Anderson,32,6,0,142,25,41,10,16,6,9,2,19,21,7,4,1,8,9,66,0.61000001,0.625,0.667,23.6,11,3.5,1.2,0.69999999,0.2,East 1stRd_15,223
6,Thaddeus Young,26,6,6,190,29,66,0,4,5,12,17,26,43,16,5,1,14,15,63,0.43900001,0,0.417,31.700001,10.5,7.1999998,2.7,0.80000001,0.2,East 1stRd_15,224
7,Bojan Bogdanovic,25,6,5,206,23,59,11,33,5,7,3,20,23,10,4,2,8,12,62,0.38999999,0.333,0.71399999,34.400002,10.3,3.8,1.7,0.69999999,0.30000001,East 1stRd_15,225
8,Mason Plumlee,24,6,0,49,4,6,0,0,4,11,2,6,8,2,4,2,3,10,12,0.667,,0.36399999,8.1999998,2,1.3,0.30000001,0.69999999,0.30000001,East 1stRd_15,226
9,Markel Brown,23,2,1,10,2,5,0,2,2,2,2,0,2,1,0,0,2,0,6,0.40000001,0,1,5.0999999,3,1,0.5,0,0,East 1stRd_15,227
10,Earl Clark,27,2,0,13,2,10,2,3,0,0,0,2,2,0,1,0,0,1,6,0.2,0.667,,6.5,3,1,0,0.5,0,East 1stRd_15,228
11,Jerome Jordan,28,1,0,5,0,2,0,0,0,0,1,1,2,0,0,0,1,0,0,0,,,4.6999998,0,2,0,0,0,East 1stRd_15,229
12,Darius Morris,24,1,0,5,0,1,0,0,0,0,0,0,0,0,0,0,0,0,0,0,,,4.6999998,0,0,0,0,0,East 1stRd_15,230
13,Mirza Teletovic,29,3,0,16,0,5,0,4,0,0,0,4,4,0,1,0,1,1,0,0,0,,5.5,0,1.3,0,0.30000001,0,East 1stRd_15,231
1,Anthony Davis,21,4,4,172,47,87,0,2,32,36,9,35,44,8,5,12,13,12,126,0.54000002,0,0.889,42.900002,31.5,11,2,1.3,3,West 1stRd_15,232
2,Eric Gordon,26,4,4,143,28,63,13,32,5,6,2,7,9,15,2,2,10,11,74,0.44400001,0.40599999,0.833,35.799999,18.5,2.3,3.8,0.5,0.5,West 1stRd_15,233
3,Ryan Anderson,26,4,0,95,16,36,5,12,6,6,7,10,17,9,0,2,4,12,43,0.44400001,0.417,1,23.700001,10.8,4.3000002,2.3,0,0.5,West 1stRd_15,234
4,Tyreke Evans,25,4,4,125,14,43,2,11,10,17,3,17,20,20,5,1,6,10,40,0.32600001,0.182,0.588,31.299999,10,5,5,1.3,0.30000001,West 1stRd_15,235
5,Norris Cole,26,4,0,106,15,36,3,14,2,3,1,6,7,7,0,1,8,15,35,0.417,0.214,0.667,26.4,8.8000002,1.8,1.8,0,0.30000001,West 1stRd_15,236
6,Quincy Pondexter,26,4,4,124,10,28,3,10,6,7,3,17,20,12,7,0,1,13,29,0.35699999,0.30000001,0.85699999,31.1,7.3000002,5,3,1.8,0,West 1stRd_15,237
7,Dante Cunningham,27,4,0,75,9,11,0,0,3,3,4,14,18,2,3,4,0,7,21,0.81800002,,1,18.799999,5.3000002,4.5,0.5,0.80000001,1,West 1stRd_15,238
8,Jrue Holiday,24,3,0,55,7,19,1,4,4,4,2,1,3,13,2,1,5,3,19,0.368,0.25,1,18.200001,6.3000002,1,4.3000002,0.69999999,0.30000001,West 1stRd_15,239
9,Alexis Ajinca,26,3,0,10,4,4,0,0,0,0,0,1,1,1,1,0,0,2,8,1,,,3.5,2.7,0.30000001,0.30000001,0.30000001,0,West 1stRd_15,240
10,Omer Asik,28,4,4,79,2,10,0,0,4,7,12,17,29,6,5,0,5,10,8,0.2,,0.57099998,19.799999,2,7.3000002,1.5,1.3,0,West 1stRd_15,241
1,DeMar DeRozan,25,4,4,159,32,80,3,8,14,17,5,20,25,23,6,0,10,12,81,0.40000001,0.375,0.824,39.700001,20.299999,6.3000002,5.8000002,1.5,0,East 1stRd_15,242
2,Lou Williams,28,4,0,102,16,51,4,21,15,18,2,5,7,5,6,0,3,9,51,0.31400001,0.19,0.833,25.6,12.8,1.8,1.3,1.5,0,East 1stRd_15,243
3,Kyle Lowry,28,4,4,131,18,57,5,23,8,11,7,15,22,19,5,0,12,18,49,0.31600001,0.21699999,0.727,32.799999,12.3,5.5,4.8000002,1.3,0,East 1stRd_15,244
4,Amir Johnson,27,4,2,112,20,29,0,1,6,12,7,21,28,4,1,3,7,16,46,0.69,0,0.5,27.9,11.5,7,1,0.30000001,0.80000001,East 1stRd_15,245
5,Jonas Valanciunas,22,4,4,106,19,38,0,0,7,8,9,28,37,2,2,1,4,7,45,0.5,,0.875,26.4,11.3,9.3000002,0.5,0.5,0.30000001,East 1stRd_15,246
6,Patrick Patterson,25,4,0,106,15,27,7,15,4,4,4,10,14,5,3,0,3,5,41,0.55599999,0.46700001,1,26.5,10.3,3.5,1.3,0.80000001,0,East 1stRd_15,247
7,Greivis Vasquez,28,4,0,101,11,29,5,14,3,3,0,7,7,12,2,0,4,15,30,0.37900001,0.35699999,1,25.299999,7.5,1.8,3,0.5,0,East 1stRd_15,248
8,Terrence Ross,23,4,4,107,11,29,6,18,0,0,0,6,6,4,3,4,2,10,28,0.37900001,0.333,,26.700001,7,1.5,1,0.80000001,1,East 1stRd_15,249
9,Tyler Hansbrough,29,4,2,48,1,5,0,0,3,4,1,5,6,3,2,1,2,8,5,0.2,,0.75,11.9,1.3,1.5,0.80000001,0.5,0.30000001,East 1stRd_15,250
10,Greg Stiemsma,29,1,0,2,2,2,0,0,1,2,0,0,0,0,0,0,0,0,5,1,,0.5,2,5,0,0,0,0,East 1stRd_15,251
11,James Johnson,27,2,0,12,2,6,0,0,0,6,0,2,2,1,0,0,0,0,4,0.333,,0,6,2,1,0.5,0,0,East 1stRd_15,252
1,James Harden,25,5,5,180,40,86,12,31,50,52,2,17,19,39,6,1,19,15,142,0.465,0.38699999,0.96200001,36.099998,28.4,3.8,7.8000002,1.2,0.2,West 1stRd_15,253
2,Josh Smith,29,5,0,128,34,66,9,23,10,23,11,21,32,19,4,4,15,16,87,0.51499999,0.391,0.435,25.6,17.4,6.4000001,3.8,0.80000001,0.80000001,West 1stRd_15,254
3,Dwight Howard,29,5,5,163,32,55,0,0,19,41,19,50,69,6,8,15,12,19,83,0.58200002,,0.463,32.599998,16.6,13.8,1.2,1.6,3,West 1stRd_15,255
4,Corey Brewer,28,5,0,129,29,56,8,15,6,9,3,13,16,4,2,1,6,14,72,0.51800001,0.53299999,0.667,25.799999,14.4,3.2,0.80000001,0.40000001,0.2,West 1stRd_15,256
5,Terrence Jones,23,5,5,127,22,53,1,7,19,29,11,21,32,7,3,0,3,10,64,0.41499999,0.14300001,0.65499997,25.4,12.8,6.4000001,1.4,0.60000002,0,West 1stRd_15,257
6,Trevor Ariza,29,5,5,183,13,45,5,22,10,12,5,28,33,15,5,0,5,15,41,0.289,0.227,0.833,36.700001,8.1999998,6.5999999,3,1,0,West 1stRd_15,258
7,Jason Terry,37,5,5,124,14,30,8,17,3,5,1,7,8,11,5,1,4,11,39,0.46700001,0.47099999,0.60000002,24.700001,7.8000002,1.6,2.2,1,0.2,West 1stRd_15,259
8,Clint Capela,20,5,0,44,9,14,0,0,8,13,2,10,12,2,0,4,2,8,26,0.64300001,,0.61500001,8.8000002,5.1999998,2.4000001,0.40000001,0,0.80000001,West 1stRd_15,260
9,Pablo Prigioni,37,5,0,107,7,21,3,14,0,0,2,4,6,12,6,0,3,13,17,0.333,0.214,,21.299999,3.4000001,1.2,2.4000001,1.2,0,West 1stRd_15,261
10,Joey Dorsey,31,3,0,3,0,0,0,0,0,0,0,0,0,1,0,0,0,1,0,,,,1,0,0,0.30000001,0,0,West 1stRd_15,262
11,Nick Johnson,22,3,0,9,0,3,0,2,0,0,0,3,3,1,0,0,0,1,0,0,0,,3.0999999,0,1,0.30000001,0,0,West 1stRd_15,263
12,Kostas Papanikolaou,24,3,0,3,0,0,0,0,0,0,0,0,0,0,0,0,0,0,0,,,,1,0,0,0,0,0,West 1stRd_15,264
1,James Harden,25,5,5,199,42,90,12,28,46,53,7,32,39,32,12,3,23,13,142,0.46700001,0.42899999,0.86799997,39.700001,28.4,7.8000002,6.4000001,2.4000001,0.60000002,West Confererence_15,265
2,Josh Smith,29,5,5,125,27,69,10,25,10,24,3,23,26,17,1,7,14,8,74,0.391,0.40000001,0.417,25,14.8,5.1999998,3.4000001,0.2,1.4,West Confererence_15,266
3,Dwight Howard,29,5,5,176,28,51,0,0,16,39,17,55,72,4,7,9,16,15,72,0.54900002,,0.41,35.099998,14.4,14.4,0.80000001,1.4,1.8,West Confererence_15,267
4,Trevor Ariza,29,5,5,198,23,45,10,23,10,10,8,20,28,12,10,1,5,15,66,0.51099998,0.435,1,39.599998,13.2,5.5999999,2.4000001,2,0.2,West Confererence_15,268
5,Jason Terry,37,5,5,156,17,45,8,27,4,4,3,8,11,17,3,0,5,16,46,0.37799999,0.296,1,31.299999,9.1999998,2.2,3.4000001,0.60000002,0,West Confererence_15,269
6,Corey Brewer,28,5,0,122,14,41,0,8,14,20,1,6,7,5,4,1,2,12,42,0.34099999,0,0.69999999,24.4,8.3999996,1.4,1,0.80000001,0.2,West Confererence_15,270
7,Terrence Jones,23,5,0,112,16,42,1,6,4,7,6,11,17,4,2,7,5,6,37,0.38100001,0.167,0.57099998,22.5,7.4000001,3.4000001,0.80000001,0.40000001,1.4,West Confererence_15,271
8,Clint Capela,20,5,0,36,5,5,0,0,4,8,3,6,9,1,3,2,0,2,14,1,,0.5,7.0999999,2.8,1.8,0.2,0.60000002,0.40000001,West Confererence_15,272
9,Pablo Prigioni,37,5,0,54,3,9,1,6,0,0,0,1,1,8,3,0,3,7,7,0.333,0.167,,10.9,1.4,0.2,1.6,0.60000002,0,West Confererence_15,273
10,Nick Johnson,22,2,0,19,1,6,0,3,0,0,0,0,0,0,0,1,2,4,2,0.167,0,,9.3000002,1,0,0,0,0.5,West Confererence_15,274
11,Kostas Papanikolaou,24,1,0,4,0,0,0,0,0,0,0,0,0,0,0,0,1,0,0,,,,3.5,0,0,0,0,0,West Confererence_15,275
1,Kawhi Leonard,23,7,7,250,52,109,11,26,27,35,13,39,52,18,8,4,15,18,142,0.477,0.42300001,0.77100003,35.799999,20.299999,7.4000001,2.5999999,1.1,0.60000002,West 1stRd_15,276
2,Tim Duncan,38,7,7,250,53,90,0,1,19,34,19,59,78,23,9,10,7,26,125,0.58899999,0,0.55900002,35.700001,17.9,11.1,3.3,1.3,1.4,West 1stRd_15,277
3,Boris Diaw,32,7,0,198,34,71,4,18,9,13,13,30,43,25,5,3,9,24,81,0.479,0.222,0.69199997,28.299999,11.6,6.0999999,3.5999999,0.69999999,0.40000001,West 1stRd_15,278
4,Tony Parker,32,7,7,210,33,91,0,9,10,17,4,19,23,25,2,0,11,14,76,0.36300001,0,0.588,30,10.9,3.3,3.5999999,0.30000001,0,West 1stRd_15,279
5,Patrick Mills,26,7,0,112,21,42,16,28,13,13,4,15,19,8,2,0,5,15,71,0.5,0.57099998,1,16,10.1,2.7,1.1,0.30000001,0,West 1stRd_15,280
6,Marco Belinelli,28,7,0,116,20,39,14,30,11,13,2,11,13,10,2,0,5,10,65,0.51300001,0.46700001,0.84600002,16.6,9.3000002,1.9,1.4,0.30000001,0,West 1stRd_15,281
7,Danny Green,27,7,7,204,21,61,12,40,4,6,7,15,22,15,7,7,5,12,58,0.34400001,0.30000001,0.667,29.1,8.3000002,3.0999999,2.0999999,1,1,West 1stRd_15,282
8,Manu Ginobili,37,7,0,131,15,43,8,22,18,23,4,20,24,32,4,6,14,19,56,0.34900001,0.36399999,0.78299999,18.700001,8,3.4000001,4.5999999,0.60000002,0.89999998,West 1stRd_15,283
9,Tiago Splitter,30,7,7,123,9,24,0,0,6,19,13,18,31,9,4,1,7,17,24,0.375,,0.31600001,17.6,3.4000001,4.4000001,1.3,0.60000002,0.1,West 1stRd_15,284
10,Cory Joseph,23,4,0,22,5,6,0,0,1,2,0,1,1,0,0,1,1,2,11,0.833,,0.5,5.4000001,2.8,0.30000001,0,0,0.30000001,West 1stRd_15,285
11,Aron Baynes,28,4,0,40,3,10,0,0,3,3,3,7,10,1,0,0,3,9,9,0.30000001,,1,10,2.3,2.5,0.30000001,0,0,West 1stRd_15,286
12,Matt Bonner,34,7,0,36,2,10,2,9,0,0,0,6,6,1,0,1,1,8,6,0.2,0.222,,5.1999998,0.89999998,0.89999998,0.1,0,0.1,West 1stRd_15,287
13,Jeff Ayres,27,3,0,12,0,1,0,0,0,0,0,3,3,2,0,0,0,0,0,0,,,4,0,1,0.69999999,0,0,West 1stRd_15,288
1,Stephen Curry,26,4,4,159,43,95,20,48,29,34,4,17,21,29,5,0,16,12,135,0.45300001,0.417,0.85299999,39.799999,33.799999,5.3000002,7.3000002,1.3,0,West 1stRd_15,289
2,Klay Thompson,24,4,4,151,36,74,16,33,12,16,2,11,13,8,3,5,7,9,100,0.486,0.48500001,0.75,37.799999,25,3.3,2,0.80000001,1.3,West 1stRd_15,290
3,Draymond Green,24,4,4,166,23,48,6,17,11,17,12,39,51,25,10,5,10,16,63,0.479,0.35299999,0.64700001,41.599998,15.8,12.8,6.3000002,2.5,1.3,West 1stRd_15,291
4,Harrison Barnes,22,4,4,126,13,30,3,7,5,8,10,15,25,9,4,3,2,5,34,0.433,0.42899999,0.625,31.4,8.5,6.3000002,2.3,1,0.80000001,West 1stRd_15,292
5,Andrew Bogut,30,4,4,111,12,19,0,0,1,4,10,26,36,9,3,8,6,14,25,0.63200003,,0.25,27.700001,6.3000002,9,2.3,0.80000001,2,West 1stRd_15,293
6,Andre Iguodala,31,4,0,112,9,29,2,16,5,9,3,10,13,11,2,0,0,7,25,0.31,0.125,0.55599999,28,6.3000002,3.3,2.8,0.5,0,West 1stRd_15,294
7,Leandro Barbosa,32,4,0,49,10,22,0,3,4,5,3,2,5,2,0,0,3,3,24,0.45500001,0,0.80000001,12.2,6,1.3,0.5,0,0,West 1stRd_15,295
8,Shaun Livingston,29,4,0,63,7,14,0,0,3,5,3,3,6,7,1,1,1,6,17,0.5,,0.60000002,15.9,4.3000002,1.5,1.8,0.30000001,0.30000001,West 1stRd_15,296
9,Marreese Speights,27,4,0,28,3,15,0,0,1,2,5,4,9,3,1,3,1,5,7,0.2,,0.5,7,1.8,2.3,0.80000001,0.30000001,0.80000001,West 1stRd_15,297
10,Festus Ezeli,25,4,0,19,1,4,0,0,3,6,4,3,7,0,0,0,2,2,5,0.25,,0.5,4.8000002,1.3,1.8,0,0,0,West 1stRd_15,298
1,Stephen Curry,26,5,5,184,52,101,27,55,25,31,5,18,23,28,10,1,14,13,156,0.51499999,0.491,0.80599999,36.799999,31.200001,4.5999999,5.5999999,2,0.2,West Conference_15,299
2,Klay Thompson,24,5,5,159,35,84,14,41,5,6,1,12,13,16,5,4,9,21,89,0.417,0.34099999,0.833,31.700001,17.799999,2.5999999,3.2,1,0.80000001,West Conference_15,300
3,Draymond Green,24,5,5,191,29,67,4,20,10,13,15,46,61,28,4,9,15,20,72,0.433,0.2,0.76899999,38.299999,14.4,12.2,5.5999999,0.80000001,1.8,West Conference_15,301
4,Harrison Barnes,22,5,5,155,25,62,7,20,2,2,8,15,23,9,6,0,5,12,59,0.403,0.34999999,1,31,11.8,4.5999999,1.8,1.2,0,West Conference_15,302
5,Shaun Livingston,29,5,0,96,14,26,0,0,8,8,3,10,13,10,3,0,7,9,36,0.53799999,,1,19.200001,7.1999998,2.5999999,2,0.60000002,0,West Conference_15,303
6,Andre Iguodala,31,5,0,136,14,30,2,8,5,16,4,16,20,21,11,3,5,10,35,0.46700001,0.25,0.31299999,27.299999,7,4,4.1999998,2.2,0.60000002,West Conference_15,304
7,Festus Ezeli,25,5,0,79,15,25,0,0,4,10,12,18,30,4,1,4,6,13,34,0.60000002,,0.40000001,15.9,6.8000002,6,0.80000001,0.2,0.80000001,West Conference_15,305
8,Leandro Barbosa,32,5,0,69,10,27,3,10,6,8,2,6,8,8,2,0,0,7,29,0.37,0.30000001,0.75,13.7,5.8000002,1.6,1.6,0.40000001,0,West Conference_15,306
9,Andrew Bogut,30,5,5,107,12,22,0,0,2,5,13,33,46,10,1,9,8,19,26,0.54500002,,0.40000001,21.5,5.1999998,9.1999998,2,0.2,1.8,West Conference_15,307
10,David Lee,31,4,0,13,2,5,0,0,0,0,2,5,7,0,1,0,1,1,4,0.40000001,,,3.2,1,1.8,0,0.30000001,0,West Conference_15,308
11,Brandon Rush,29,1,0,4,1,5,1,2,0,0,1,1,2,0,0,0,0,1,3,0.2,0.5,,3.5,3,2,0,0,0,West Conference_15,309
12,Justin Holiday,25,1,0,4,0,0,0,0,0,0,0,1,1,1,0,0,2,0,0,,,,3.5,0,1,1,0,0,West Conference_15,310
13,James Michael McAdoo,22,1,0,4,0,0,0,0,0,0,1,0,1,0,0,0,0,0,0,,,,3.5,0,1,0,0,0,West Conference_15,311
1,Stephen Curry,26,6,6,255,54,122,25,65,23,26,5,26,31,38,11,1,28,13,156,0.44299999,0.38499999,0.88499999,42.5,26,5.1999998,6.3000002,1.8,0.2,Finals_15,312
2,Andre Iguodala,31,6,3,222,37,71,14,35,10,28,6,29,35,24,8,2,6,18,98,0.52100003,0.40000001,0.35699999,37.099998,16.299999,5.8000002,4,1.3,0.30000001,Finals_15,313
3,Klay Thompson,24,6,6,227,36,88,12,40,11,12,2,24,26,10,3,6,5,20,95,0.40900001,0.30000001,0.917,37.900002,15.8,4.3000002,1.7,0.5,1,Finals_15,314
4,Draymond Green,24,6,6,222,24,63,5,19,25,34,8,42,50,30,13,7,13,28,78,0.38100001,0.26300001,0.73500001,37,13,8.3000002,5,2.2,1.2,Finals_15,315
5,Harrison Barnes,22,6,6,198,19,51,8,19,7,9,18,17,35,5,5,3,4,17,53,0.373,0.421,0.778,32.900002,8.8000002,5.8000002,0.80000001,0.80000001,0.5,Finals_15,316
6,Leandro Barbosa,32,6,0,64,12,26,3,7,4,4,2,8,10,3,3,1,4,7,31,0.46200001,0.42899999,1,10.7,5.1999998,1.7,0.5,0.5,0.2,Finals_15,317
7,Shaun Livingston,29,6,0,120,12,25,0,1,6,8,5,16,21,13,2,2,6,11,30,0.47999999,0,0.75,20.1,5,3.5,2.2,0.30000001,0.30000001,Finals_15,318
8,Festus Ezeli,25,5,0,50,7,15,0,0,8,11,7,10,17,2,0,3,4,9,22,0.46700001,,0.727,10,4.4000001,3.4000001,0.40000001,0,0.60000002,Finals_15,319
9,David Lee,31,4,0,39,8,15,0,0,6,11,2,8,10,6,1,0,1,8,22,0.53299999,,0.54500002,9.6999998,5.5,2.5,1.5,0.30000001,0,Finals_15,320
10,Andrew Bogut,30,4,3,74,4,9,0,0,2,4,5,19,24,6,1,5,4,11,10,0.44400001,,0.5,18.4,2.5,6,1.5,0.30000001,1.3,Finals_15,321
11,Marreese Speights,27,3,0,16,4,13,0,0,1,2,3,2,5,1,1,0,1,3,9,0.308,,0.5,5.3000002,3,1.7,0.30000001,0.30000001,0,Finals_15,322
12,Justin Holiday,25,1,0,2,0,0,0,0,0,0,0,0,0,0,0,0,0,0,0,,,,2.0999999,0,0,0,0,0,Finals_15,323
13,James Michael McAdoo,22,1,0,1,0,0,0,0,0,0,0,1,1,0,0,0,0,0,0,,,,1.2,0,1,0,0,0,Finals_15,324
1,Stephen Curry,26,6,6,228,51,121,26,64,19,24,6,24,30,39,13,1,24,9,147,0.421,0.40599999,0.792,37.900002,24.5,5,6.5,2.2,0.2,West Semi_15,325
2,Klay Thompson,24,6,6,224,42,88,15,32,8,11,4,25,29,20,5,4,20,14,107,0.477,0.46900001,0.727,37.299999,17.799999,4.8000002,3.3,0.80000001,0.69999999,West Semi_15,326
3,Harrison Barnes,22,6,6,203,31,57,4,16,11,15,9,18,27,9,2,5,11,11,77,0.54400003,0.25,0.73299998,33.799999,12.8,4.5,1.5,0.30000001,0.80000001,West Semi_15,327
4,Draymond Green,24,6,6,204,24,62,9,35,18,23,11,39,50,26,11,4,20,25,75,0.38699999,0.257,0.78299999,34.099998,12.5,8.3000002,4.3000002,1.8,0.69999999,West Semi_15,328
5,Andre Iguodala,31,6,0,164,21,41,11,23,7,12,3,23,26,19,4,2,3,7,60,0.51200002,0.47799999,0.583,27.299999,10,4.3000002,3.2,0.69999999,0.30000001,West Semi_15,329
6,Andrew Bogut,30,6,6,148,14,25,0,1,0,0,13,34,47,11,6,12,8,25,28,0.56,0,,24.6,4.6999998,7.8000002,1.8,1,2,West Semi_15,330
7,Shaun Livingston,29,6,0,95,9,14,0,0,4,4,2,9,11,8,2,2,7,6,22,0.64300001,,1,15.8,3.7,1.8,1.3,0.30000001,0.30000001,West Semi_15,331
8,Marreese Speights,27,3,0,23,7,14,0,0,7,11,0,7,7,0,2,0,2,6,21,0.5,,0.63599998,7.5999999,7,2.3,0,0.69999999,0,West Semi_15,332
9,Leandro Barbosa,32,6,0,48,7,13,2,3,4,5,1,3,4,5,1,0,5,7,20,0.53799999,0.667,0.80000001,8,3.3,0.69999999,0.80000001,0.2,0,West Semi_15,333
10,David Lee,31,5,0,55,6,20,0,0,2,4,7,10,17,2,1,2,0,8,14,0.30000001,,0.5,11,2.8,3.4000001,0.40000001,0.2,0.40000001,West Semi_15,334
11,Festus Ezeli,25,6,0,35,4,6,0,0,1,2,1,7,8,0,0,3,0,1,9,0.667,,0.5,5.9000001,1.5,1.3,0,0,0.5,West Semi_15,335
12,James Michael McAdoo,22,3,0,5,2,3,0,0,0,0,0,2,2,0,0,1,1,0,4,0.667,,,1.8,1.3,0.69999999,0,0,0.30000001,West Semi_15,336
13,Justin Holiday,25,3,0,5,1,2,1,1,0,0,0,0,0,0,0,0,0,1,3,0.5,1,,1.8,1,0,0,0,0,West Semi_15,337
14,Brandon Rush,29,2,0,4,0,1,0,0,0,0,0,1,1,0,0,0,0,1,0,0,,,2,0,0.5,0,0,0,West Semi_15,338
1,Bradley Beal,21,4,4,167,27,71,9,27,20,25,5,16,21,16,6,3,9,8,83,0.38,0.333,0.80000001,41.799999,20.799999,5.3000002,4,1.5,0.80000001,East 1stRd_15,339
2,Marcin Gortat,30,4,4,125,29,39,0,0,11,17,12,28,40,12,3,8,9,12,69,0.74400002,,0.64700001,31.200001,17.299999,10,3,0.80000001,2,East 1stRd_15,340
3,John Wall,24,4,4,152,21,54,3,11,24,28,0,16,16,50,3,4,13,8,69,0.389,0.273,0.85699999,38,17.299999,4,12.5,0.80000001,1,East 1stRd_15,341
4,Paul Pierce,37,4,4,114,19,33,14,24,10,12,0,13,13,4,3,3,6,12,62,0.57599998,0.583,0.833,28.4,15.5,3.3,1,0.80000001,0.80000001,East 1stRd_15,342
5,Otto Porter,21,4,0,128,15,27,5,10,3,8,8,21,29,4,5,2,2,5,38,0.55599999,0.5,0.375,31.9,9.5,7.3000002,1,1.3,0.5,East 1stRd_15,343
6,Drew Gooden,33,4,0,82,13,33,7,14,3,5,9,18,27,4,0,5,5,7,36,0.39399999,0.5,0.60000002,20.6,9,6.8000002,1,0,1.3,East 1stRd_15,344
7,Nene Hilario,32,4,4,97,15,32,0,0,4,9,10,18,28,4,4,0,5,14,34,0.46900001,,0.44400001,24.299999,8.5,7,1,1,0,East 1stRd_15,345
8,Ramon Sessions,28,4,0,66,8,18,5,9,5,6,0,8,8,6,0,1,3,7,26,0.44400001,0.55599999,0.833,16.5,6.5,2,1.5,0,0.30000001,East 1stRd_15,346
9,Kevin Seraphin,25,3,0,33,9,16,0,0,2,4,0,7,7,2,1,0,2,6,20,0.56300002,,0.5,11.1,6.6999998,2.3,0.69999999,0.30000001,0,East 1stRd_15,347
10,Kris Humphries,29,1,0,5,1,1,0,0,0,0,0,3,3,0,0,0,0,1,2,1,,,5.1999998,2,3,0,0,0,East 1stRd_15,348
11,Martell Webster,28,1,0,4,1,2,0,1,0,0,0,0,0,0,0,0,0,0,2,0.5,0,,4.1999998,2,0,0,0,0,East 1stRd_15,349
12,Rasual Butler,35,2,0,7,0,1,0,1,0,0,0,1,1,1,0,0,0,2,0,0,0,,3.7,0,0.5,0.5,0,0,East 1stRd_15,350
13,Will Bynum,32,1,0,4,0,1,0,0,0,0,0,0,0,2,1,0,0,0,0,0,,,4.1999998,0,0,2,1,0,East 1stRd_15,351
1,Bradley Beal,21,6,6,251,54,129,14,36,29,34,9,25,34,30,10,4,17,11,151,0.419,0.389,0.85299999,41.799999,25.200001,5.6999998,5,1.7,0.69999999,East Semi_15,352
2,Paul Pierce,37,6,6,184,29,66,19,39,7,8,0,29,29,5,3,4,4,21,84,0.43900001,0.48699999,0.875,30.700001,14,4.8000002,0.80000001,0.5,0.69999999,East Semi_15,353
3,Otto Porter,21,6,0,203,24,61,7,22,7,13,16,35,51,14,7,0,4,11,62,0.39300001,0.31799999,0.53799999,33.799999,10.3,8.5,2.3,1.2,0,East Semi_15,354
4,Marcin Gortat,30,6,6,182,25,47,0,0,5,7,15,33,48,10,3,3,7,17,55,0.53200001,,0.71399999,30.4,9.1999998,8,1.7,0.5,0.5,East Semi_15,355
5,John Wall,24,3,3,121,22,56,0,6,9,11,5,12,17,33,7,6,14,5,53,0.39300001,0,0.81800002,40.299999,17.700001,5.6999998,11,2.3,2,East Semi_15,356
6,Ramon Sessions,28,6,3,152,18,52,5,16,8,13,2,14,16,17,4,0,7,7,49,0.34599999,0.31299999,0.61500001,25.299999,8.1999998,2.7,2.8,0.69999999,0,East Semi_15,357
7,Nene Hilario,32,6,6,160,19,44,0,0,7,14,15,23,38,11,5,3,9,18,45,0.43200001,,0.5,26.6,7.5,6.3000002,1.8,0.80000001,0.5,East Semi_15,358
8,Drew Gooden,33,6,0,96,10,28,5,12,7,8,4,24,28,4,2,5,9,14,32,0.35699999,0.417,0.875,15.9,5.3000002,4.6999998,0.69999999,0.30000001,0.80000001,East Semi_15,359
9,Will Bynum,32,2,0,27,7,13,1,2,4,5,2,1,3,1,1,1,5,6,19,0.53799999,0.5,0.80000001,13.6,9.5,1.5,0.5,0.5,0.5,East Semi_15,360
10,Kevin Seraphin,25,3,0,39,6,15,0,0,1,2,3,9,12,0,1,1,2,4,13,0.40000001,,0.5,12.9,4.3000002,4,0,0.30000001,0.30000001,East Semi_15,361
11,Garrett Temple,28,4,0,26,1,6,0,3,5,8,1,2,3,1,2,0,3,4,7,0.167,0,0.625,6.5,1.8,0.80000001,0.30000001,0.5,0,East Semi_15,362
